Video_ID,Genre,Languages
11,Sci-Fi,Spanish
85,Comedy,Chinese
50,Comedy,Spanish
38,Documentary,Spanish
31,Action,German
83,Comedy,French
85,Action,English
63,Comedy,French
37,Drama,German
71,Drama,German
31,Drama,English
29,Documentary,English
68,Thriller,Spanish
53,Comedy,French
37,Sci-Fi,German
40,Thriller,German
90,Sci-Fi,French
8,Sci-Fi,Chinese
37,Comedy,English
21,Documentary,English
39,Action,French
55,Drama,Spanish
47,Drama,Spanish
53,Documentary,German
90,Drama,German
46,Documentary,English
13,Documentary,Chinese
17,Drama,German
24,Action,French
29,Comedy,Spanish
57,Comedy,Spanish
93,Thriller,Chinese
88,Drama,German
100,Action,German
18,Comedy,German
24,Drama,French
49,Thriller,English
92,Documentary,Spanish
82,Thriller,French
28,Thriller,French
49,Documentary,Chinese
28,Thriller,German
33,Drama,Chinese
93,Thriller,English
99,Thriller,German
62,Drama,English
74,Thriller,French
41,Thriller,Chinese
61,Documentary,English
87,Comedy,French
91,Comedy,Chinese
94,Sci-Fi,Spanish
20,Comedy,Spanish
40,Sci-Fi,Spanish
36,Comedy,English
91,Action,English
90,Comedy,Chinese
76,Drama,English
48,Comedy,Chinese
59,Documentary,English
60,Comedy,German
55,Thriller,Spanish
31,Thriller,Chinese
99,Sci-Fi,German
76,Action,Chinese
27,Comedy,Spanish
41,Drama,French
62,Documentary,Spanish
56,Action,Spanish
93,Documentary,Chinese
43,Comedy,Spanish
32,Documentary,French
58,Comedy,Chinese
73,Action,German
73,Thriller,Spanish
94,Action,Chinese
98,Drama,French
88,Thriller,Spanish
71,Thriller,Spanish
19,Thriller,German
90,Documentary,Chinese
38,Sci-Fi,French
78,Sci-Fi,Chinese
52,Action,Chinese
8,Sci-Fi,French
59,Action,Spanish
56,Documentary,German
77,Documentary,French
91,Thriller,English
54,Comedy,Chinese
96,Comedy,English
83,Action,German
96,Comedy,German
33,Sci-Fi,Chinese
48,Action,German
42,Action,English
88,Sci-Fi,Chinese
23,Documentary,German
62,Documentary,Chinese
43,Comedy,Chinese
50,Sci-Fi,Spanish
11,Drama,German
43,Drama,French
9,Sci-Fi,Spanish
12,Thriller,English
17,Comedy,Chinese
59,Thriller,Spanish
76,Comedy,German
23,Action,English
42,Action,German
97,Comedy,Chinese
12,Comedy,French
1,Documentary,Spanish
24,Documentary,German
36,Thriller,English
42,Drama,French
80,Action,German
41,Sci-Fi,French
20,Comedy,German
10,Comedy,French
98,Comedy,German
82,Sci-Fi,Chinese
42,Comedy,Chinese
99,Thriller,English
63,Sci-Fi,Spanish
67,Drama,Chinese
13,Drama,Chinese
13,Action,English
87,Action,German
29,Sci-Fi,German
62,Documentary,English
18,Sci-Fi,Spanish
32,Drama,German
17,Action,French
25,Action,German
66,Comedy,German
90,Action,Spanish
2,Sci-Fi,English
79,Documentary,Spanish
83,Action,Chinese
32,Thriller,Spanish
37,Sci-Fi,Chinese
88,Documentary,French
90,Documentary,French
70,Comedy,English
40,Comedy,German
79,Action,Spanish
55,Action,Spanish
64,Comedy,Chinese
56,Action,French
49,Thriller,German
5,Documentary,Spanish
2,Thriller,Chinese
67,Comedy,German
18,Sci-Fi,German
61,Comedy,English
44,Comedy,German
20,Sci-Fi,German
36,Action,English
54,Drama,Chinese
82,Action,Spanish
17,Comedy,Spanish
24,Comedy,French
42,Documentary,English
12,Documentary,English
76,Documentary,French
35,Documentary,Chinese
35,Drama,Spanish
59,Drama,Spanish
32,Documentary,English
56,Drama,French
87,Comedy,Chinese
62,Drama,Spanish
15,Drama,German
6,Drama,English
15,Drama,English
24,Action,Spanish
32,Drama,French
29,Sci-Fi,Chinese
4,Sci-Fi,French
24,Drama,Chinese
20,Drama,English
61,Action,Chinese
80,Documentary,French
57,Sci-Fi,Spanish
41,Comedy,Spanish
7,Drama,Chinese
7,Action,German
50,Comedy,Chinese
9,Thriller,Spanish
36,Documentary,English
60,Action,French
21,Drama,Chinese
38,Comedy,German
86,Sci-Fi,English
93,Sci-Fi,Spanish
98,Comedy,English
53,Thriller,Spanish
88,Action,English
1,Comedy,German
86,Comedy,English
29,Action,Spanish
47,Action,Spanish
49,Drama,Spanish
5,Action,German
45,Action,German
97,Action,Chinese
11,Thriller,English
36,Comedy,Spanish
90,Drama,English
69,Thriller,Spanish
56,Thriller,German
33,Thriller,French
68,Documentary,French
12,Documentary,German
25,Sci-Fi,Chinese
7,Documentary,French
66,Drama,Spanish
83,Documentary,Spanish
47,Sci-Fi,Spanish
15,Thriller,French
82,Comedy,Spanish
52,Documentary,Spanish
79,Comedy,Spanish
29,Comedy,French
33,Thriller,English
76,Thriller,Chinese
53,Sci-Fi,Spanish
84,Thriller,Spanish
3,Documentary,Chinese
55,Action,French
71,Comedy,German
28,Documentary,German
18,Drama,Spanish
78,Documentary,Spanish
100,Drama,French
52,Documentary,English
71,Drama,Spanish
14,Sci-Fi,French
98,Sci-Fi,Chinese
6,Drama,Chinese
19,Action,French
51,Drama,German
97,Thriller,English
62,Action,Chinese
14,Documentary,German
36,Drama,French
20,Drama,Chinese
39,Thriller,English
69,Thriller,Chinese
58,Action,English
47,Thriller,Spanish
8,Action,English
86,Drama,Chinese
14,Sci-Fi,English
74,Action,Chinese
25,Thriller,Chinese
47,Drama,German
25,Action,French
86,Drama,Spanish
49,Comedy,English
34,Drama,Chinese
54,Documentary,Spanish
97,Sci-Fi,Chinese
11,Comedy,French
67,Comedy,Spanish
50,Sci-Fi,Chinese
77,Sci-Fi,Spanish
84,Thriller,French
6,Sci-Fi,English
59,Drama,English
14,Thriller,Chinese
90,Drama,Chinese
63,Drama,English
79,Thriller,English
44,Thriller,German
73,Sci-Fi,English
64,Comedy,Spanish
2,Sci-Fi,Chinese
44,Comedy,French
26,Thriller,German
35,Documentary,English
100,Comedy,Spanish
5,Drama,English
13,Thriller,English
84,Action,French
13,Thriller,Chinese
73,Documentary,Chinese
89,Comedy,French
20,Action,French
1,Action,Chinese
69,Documentary,Chinese
40,Action,Spanish
59,Comedy,Spanish
92,Drama,Spanish
96,Drama,Chinese
43,Drama,Chinese
3,Thriller,French
100,Sci-Fi,English
55,Sci-Fi,Spanish
26,Drama,French
22,Documentary,Chinese
34,Documentary,English
74,Sci-Fi,Spanish
37,Drama,Spanish
31,Drama,German
62,Action,German
85,Comedy,Spanish
14,Documentary,Spanish
96,Action,Spanish
2,Drama,Spanish
40,Thriller,Spanish
91,Documentary,French
38,Sci-Fi,German
93,Drama,Chinese
21,Documentary,Spanish
16,Comedy,French
15,Action,English
20,Comedy,English
15,Thriller,German
52,Thriller,French
47,Thriller,English
19,Action,German
58,Sci-Fi,Chinese
79,Sci-Fi,Spanish
56,Action,English
53,Drama,German
44,Documentary,French
43,Drama,English
71,Action,Chinese
73,Drama,French
8,Documentary,German
77,Documentary,Chinese
77,Drama,German
99,Documentary,English
47,Sci-Fi,English
81,Drama,Spanish
10,Sci-Fi,Chinese
2,Drama,French
8,Action,Chinese
29,Action,French
90,Comedy,Spanish
48,Drama,English
21,Documentary,German
8,Documentary,French
35,Action,Chinese
5,Documentary,German
48,Action,English
5,Documentary,French
15,Sci-Fi,Spanish
22,Thriller,German
80,Drama,German
88,Thriller,French
36,Comedy,German
78,Thriller,English
75,Comedy,English
96,Action,French
82,Documentary,Chinese
92,Sci-Fi,German
74,Thriller,Chinese
87,Action,Chinese
48,Sci-Fi,German
56,Drama,Chinese
61,Sci-Fi,Chinese
24,Action,German
98,Sci-Fi,English
18,Sci-Fi,Chinese
77,Sci-Fi,English
89,Sci-Fi,English
39,Sci-Fi,German
61,Thriller,French
1,Action,French
80,Thriller,English
63,Sci-Fi,Chinese
29,Comedy,English
78,Action,English
80,Comedy,French
19,Drama,English
75,Action,English
3,Comedy,Spanish
28,Action,Spanish
81,Documentary,Spanish
25,Documentary,Chinese
100,Thriller,English
78,Drama,French
8,Action,French
30,Action,Spanish
67,Thriller,Chinese
50,Drama,English
22,Action,English
82,Sci-Fi,Spanish
4,Documentary,English
44,Comedy,Chinese
64,Documentary,Spanish
60,Documentary,Spanish
5,Action,English
100,Drama,Spanish
34,Documentary,German
24,Thriller,Spanish
23,Action,Spanish
40,Action,English
24,Documentary,French
16,Documentary,English
89,Thriller,German
5,Drama,German
94,Sci-Fi,English
86,Comedy,German
66,Documentary,Spanish
69,Action,French
95,Documentary,German
39,Drama,German
24,Thriller,German
4,Sci-Fi,Chinese
73,Thriller,English
14,Documentary,French
95,Thriller,German
95,Action,English
73,Documentary,English
85,Action,Spanish
71,Comedy,Spanish
56,Comedy,Chinese
38,Thriller,Chinese
3,Action,German
26,Documentary,Chinese
36,Thriller,Chinese
75,Comedy,German
84,Sci-Fi,French
78,Thriller,German
68,Drama,Spanish
30,Documentary,Spanish
63,Thriller,Spanish
98,Thriller,German
69,Documentary,French
100,Documentary,English
100,Sci-Fi,German
80,Drama,English
44,Action,English
82,Comedy,Chinese
40,Action,German
83,Thriller,Chinese
22,Action,German
36,Comedy,Chinese
65,Sci-Fi,French
21,Action,French
15,Comedy,French
89,Action,Chinese
27,Sci-Fi,English
57,Action,French
61,Sci-Fi,English
13,Sci-Fi,English
53,Drama,Spanish
79,Drama,German
68,Sci-Fi,Spanish
91,Sci-Fi,Spanish
13,Comedy,Chinese
81,Sci-Fi,English
57,Comedy,German
48,Sci-Fi,French
78,Drama,English
52,Sci-Fi,English
2,Documentary,French
14,Documentary,English
62,Action,English
68,Action,Chinese
18,Comedy,Chinese
60,Sci-Fi,Chinese
18,Sci-Fi,English
26,Documentary,French
12,Documentary,Spanish
100,Comedy,German
51,Action,German
34,Thriller,English
47,Comedy,French
63,Documentary,English
65,Drama,German
90,Sci-Fi,Chinese
16,Comedy,Chinese
34,Comedy,Spanish
9,Documentary,German
58,Documentary,Spanish
77,Sci-Fi,Chinese
6,Sci-Fi,Chinese
22,Sci-Fi,English
8,Action,German
71,Thriller,Chinese
57,Sci-Fi,German
28,Comedy,French
48,Thriller,German
6,Comedy,Chinese
55,Thriller,French
3,Thriller,English
16,Thriller,English
95,Action,Spanish
55,Documentary,Chinese
44,Sci-Fi,Spanish
18,Action,English
12,Sci-Fi,Spanish
12,Thriller,Chinese
74,Drama,English
78,Action,French
81,Action,English
1,Thriller,German
67,Thriller,Spanish
57,Drama,Chinese
72,Thriller,Spanish
38,Drama,Spanish
16,Action,Chinese
96,Thriller,French
29,Drama,French
86,Documentary,Spanish
81,Drama,German
96,Thriller,Chinese
79,Action,German
23,Sci-Fi,Chinese
75,Sci-Fi,French
25,Sci-Fi,German
58,Documentary,German
80,Documentary,German
53,Sci-Fi,German
78,Action,Spanish
61,Documentary,German
59,Action,English
31,Drama,Chinese
83,Action,English
47,Documentary,Spanish
14,Drama,English
70,Drama,Spanish
38,Thriller,French
100,Documentary,Chinese
88,Documentary,German
76,Action,French
4,Sci-Fi,German
15,Comedy,Spanish
8,Comedy,German
44,Comedy,English
84,Documentary,German
10,Action,Chinese
2,Comedy,Chinese
52,Documentary,German
6,Thriller,English
69,Comedy,German
72,Thriller,Chinese
7,Thriller,French
5,Comedy,Chinese
96,Sci-Fi,Chinese
36,Drama,German
31,Thriller,German
36,Sci-Fi,French
58,Documentary,English
71,Documentary,German
15,Sci-Fi,French
21,Sci-Fi,German
50,Thriller,Chinese
10,Comedy,German
1,Action,Spanish
25,Comedy,English
59,Thriller,French
75,Action,Spanish
33,Comedy,French
34,Sci-Fi,Chinese
7,Sci-Fi,English
100,Thriller,French
78,Thriller,Chinese
61,Sci-Fi,French
31,Action,Chinese
60,Sci-Fi,French
76,Comedy,French
37,Comedy,Chinese
34,Action,French
66,Documentary,Chinese
78,Sci-Fi,German
97,Sci-Fi,German
60,Drama,English
59,Action,German
45,Sci-Fi,German
95,Documentary,Spanish
14,Sci-Fi,Chinese
46,Action,English
88,Action,German
16,Action,German
39,Drama,Chinese
10,Documentary,German
3,Sci-Fi,French
25,Action,Spanish
60,Thriller,French
2,Drama,German
31,Sci-Fi,Spanish
93,Documentary,French
48,Sci-Fi,Spanish
8,Comedy,English
88,Comedy,French
90,Action,Chinese
72,Documentary,German
98,Drama,Spanish
74,Sci-Fi,English
19,Sci-Fi,French
79,Sci-Fi,Chinese
64,Comedy,German
80,Drama,Chinese
79,Drama,French
90,Thriller,Chinese
18,Documentary,English
36,Drama,Spanish
28,Thriller,Chinese
68,Documentary,Chinese
40,Comedy,English
63,Action,French
61,Documentary,French
98,Documentary,Chinese
56,Drama,English
86,Thriller,English
17,Action,Spanish
27,Documentary,German
8,Comedy,Chinese
84,Sci-Fi,English
46,Documentary,Chinese
27,Sci-Fi,French
16,Drama,French
57,Documentary,Chinese
71,Thriller,French
82,Thriller,English
98,Action,German
37,Action,English
12,Action,Chinese
23,Action,French
55,Action,English
97,Comedy,English
58,Thriller,English
46,Drama,German
10,Drama,French
25,Documentary,English
9,Sci-Fi,English
65,Comedy,German
41,Sci-Fi,German
12,Sci-Fi,Chinese
79,Thriller,French
82,Thriller,Chinese
66,Sci-Fi,German
37,Sci-Fi,English
40,Drama,Spanish
34,Comedy,French
14,Thriller,French
5,Drama,Chinese
26,Thriller,Spanish
89,Comedy,German
89,Drama,English
61,Thriller,Chinese
96,Action,English
57,Sci-Fi,English
49,Action,Spanish
45,Documentary,French
93,Sci-Fi,German
68,Documentary,German
27,Drama,Chinese
67,Drama,English
19,Documentary,German
56,Sci-Fi,English
32,Sci-Fi,French
3,Comedy,French
90,Action,English
35,Thriller,German
75,Sci-Fi,Spanish
7,Sci-Fi,German
90,Comedy,French
16,Sci-Fi,German
62,Drama,French
2,Documentary,Spanish
35,Drama,English
88,Drama,Chinese
91,Sci-Fi,English
48,Comedy,German
46,Documentary,French
43,Action,Chinese
83,Drama,French
98,Comedy,Chinese
63,Action,German
45,Comedy,English
71,Documentary,Spanish
92,Documentary,Chinese
26,Sci-Fi,French
100,Thriller,German
47,Comedy,German
25,Action,English
65,Comedy,Chinese
31,Comedy,English
64,Drama,German
80,Comedy,Spanish
92,Action,Chinese
70,Sci-Fi,German
88,Thriller,English
86,Thriller,Spanish
75,Action,German
98,Thriller,French
48,Drama,German
41,Sci-Fi,Spanish
28,Documentary,English
72,Action,Spanish
12,Action,Spanish
45,Documentary,Chinese
9,Thriller,French
95,Drama,Spanish
42,Drama,English
17,Documentary,English
57,Drama,German
66,Sci-Fi,English
24,Thriller,Chinese
85,Documentary,English
56,Comedy,French
37,Comedy,Spanish
89,Sci-Fi,German
72,Comedy,French
34,Documentary,Spanish
27,Documentary,English
62,Thriller,Chinese
89,Documentary,German
16,Sci-Fi,English
8,Drama,Chinese
75,Comedy,Chinese
39,Comedy,French
6,Comedy,Spanish
23,Comedy,French
66,Thriller,German
22,Drama,Spanish
61,Action,English
32,Thriller,French
62,Documentary,German
13,Sci-Fi,Spanish
25,Documentary,French
84,Drama,German
90,Sci-Fi,English
3,Documentary,French
40,Sci-Fi,German
58,Action,Spanish
21,Drama,Spanish
85,Comedy,English
27,Action,Spanish
9,Action,English
42,Action,Chinese
16,Documentary,French
94,Comedy,English
85,Action,Chinese
77,Thriller,Chinese
59,Action,Chinese
92,Drama,French
89,Documentary,French
61,Action,French
21,Comedy,Spanish
42,Drama,Spanish
41,Drama,English
69,Thriller,English
46,Thriller,French
81,Comedy,English
81,Comedy,Chinese
51,Documentary,English
20,Sci-Fi,Spanish
57,Thriller,Spanish
27,Thriller,French
89,Drama,Chinese
65,Action,Spanish
88,Action,Spanish
85,Sci-Fi,French
13,Drama,French
91,Comedy,French
29,Drama,English
98,Comedy,French
22,Documentary,French
19,Thriller,English
70,Documentary,Spanish
87,Action,English
15,Sci-Fi,Chinese
85,Sci-Fi,Chinese
17,Documentary,Spanish
36,Comedy,French
30,Comedy,English
79,Documentary,Chinese
44,Sci-Fi,Chinese
97,Thriller,French
27,Comedy,French
59,Thriller,German
82,Documentary,German
70,Documentary,French
34,Sci-Fi,French
59,Drama,French
74,Sci-Fi,French
60,Sci-Fi,Spanish
26,Comedy,Chinese
33,Documentary,German
94,Documentary,English
44,Drama,French
26,Drama,Spanish
18,Thriller,Spanish
85,Action,French
67,Thriller,German
88,Documentary,English
11,Sci-Fi,English
51,Action,French
94,Drama,Spanish
34,Documentary,Chinese
31,Comedy,German
57,Comedy,English
67,Sci-Fi,German
6,Comedy,French
90,Drama,Spanish
54,Documentary,English
28,Documentary,Spanish
37,Documentary,German
30,Thriller,English
72,Sci-Fi,German
70,Sci-Fi,French
13,Action,Spanish
52,Thriller,English
37,Sci-Fi,Spanish
48,Action,Spanish
51,Drama,English
78,Documentary,German
12,Thriller,French
89,Comedy,Spanish
28,Action,French
46,Comedy,German
61,Thriller,Spanish
13,Thriller,German
77,Sci-Fi,French
41,Thriller,German
47,Drama,French
97,Drama,Spanish
41,Thriller,French
73,Thriller,German
86,Sci-Fi,French
4,Comedy,English
29,Documentary,Spanish
34,Action,English
28,Drama,Spanish
5,Comedy,German
29,Thriller,German
72,Action,French
72,Comedy,Spanish
10,Thriller,German
44,Action,German
80,Action,Spanish
42,Sci-Fi,French
81,Thriller,Chinese
50,Comedy,German
41,Drama,German
66,Sci-Fi,Chinese
83,Sci-Fi,German
62,Comedy,English
42,Documentary,Chinese
56,Drama,German
44,Thriller,English
72,Drama,German
30,Drama,French
23,Comedy,English
94,Sci-Fi,Chinese
62,Documentary,French
52,Drama,Spanish
23,Comedy,Chinese
25,Comedy,Chinese
23,Documentary,English
28,Thriller,English
76,Comedy,Spanish
92,Thriller,English
50,Sci-Fi,German
92,Documentary,English
57,Sci-Fi,Chinese
96,Documentary,French
50,Action,English
13,Action,French
53,Action,German
70,Action,French
9,Sci-Fi,Chinese
21,Thriller,French
93,Thriller,German
60,Comedy,Spanish
83,Documentary,English
21,Action,Spanish
54,Thriller,English
71,Action,French
62,Sci-Fi,German
40,Documentary,English
22,Comedy,French
72,Drama,Chinese
66,Documentary,English
84,Comedy,German
47,Sci-Fi,German
97,Sci-Fi,French
30,Sci-Fi,English
26,Drama,Chinese
50,Thriller,English
17,Action,English
81,Documentary,German
88,Sci-Fi,German
4,Sci-Fi,English
74,Action,Spanish
59,Sci-Fi,German
73,Comedy,English
77,Comedy,Spanish
40,Comedy,French
43,Thriller,French
69,Drama,Chinese
5,Documentary,English
65,Sci-Fi,English
12,Comedy,English
68,Drama,English
64,Thriller,German
20,Thriller,Chinese
53,Drama,English
60,Sci-Fi,English
95,Thriller,Spanish
79,Comedy,English
96,Sci-Fi,English
14,Comedy,German
64,Sci-Fi,French
82,Documentary,French
53,Sci-Fi,Chinese
69,Drama,English
53,Thriller,French
45,Thriller,German
95,Sci-Fi,English
64,Sci-Fi,German
7,Sci-Fi,French
35,Sci-Fi,French
93,Action,German
60,Documentary,Chinese
80,Documentary,Spanish
81,Sci-Fi,Spanish
94,Thriller,Chinese
12,Action,German
43,Documentary,English
97,Drama,German
2,Action,Spanish
50,Action,Spanish
77,Comedy,English
70,Sci-Fi,Spanish
27,Drama,French
72,Comedy,Chinese
14,Thriller,Spanish
31,Thriller,English
60,Thriller,German
40,Documentary,Spanish
6,Documentary,French
66,Sci-Fi,Spanish
43,Documentary,German
58,Thriller,Spanish
54,Thriller,Chinese
58,Sci-Fi,French
43,Comedy,French
79,Drama,Chinese
93,Comedy,English
41,Thriller,English
61,Sci-Fi,German
45,Documentary,German
51,Drama,Spanish
77,Thriller,Spanish
74,Drama,Chinese
49,Action,English
12,Drama,English
13,Comedy,Spanish
70,Documentary,German
89,Documentary,Chinese
70,Thriller,English
6,Action,German
73,Comedy,Spanish
84,Comedy,Chinese
72,Drama,French
61,Comedy,French
10,Drama,Spanish
35,Sci-Fi,German
16,Documentary,German
68,Drama,French
30,Comedy,Chinese
74,Comedy,French
49,Drama,French
69,Documentary,Spanish
24,Thriller,French
13,Drama,Spanish
31,Thriller,Spanish
43,Thriller,German
93,Sci-Fi,English
91,Comedy,German
7,Comedy,French
91,Comedy,Spanish
46,Sci-Fi,English
14,Thriller,German
39,Comedy,Chinese
9,Documentary,French
100,Comedy,English
41,Drama,Chinese
95,Comedy,German
60,Drama,Chinese
85,Sci-Fi,Spanish
24,Documentary,Chinese
77,Action,German
26,Drama,German
64,Drama,English
85,Documentary,Spanish
73,Drama,Chinese
99,Sci-Fi,English
19,Documentary,English
51,Sci-Fi,French
54,Sci-Fi,German
75,Drama,French
70,Comedy,Chinese
65,Thriller,French
28,Sci-Fi,Spanish
40,Drama,French
83,Drama,Chinese
35,Thriller,French
96,Sci-Fi,German
41,Comedy,French
29,Drama,German
57,Drama,French
82,Sci-Fi,German
23,Comedy,German
21,Sci-Fi,Chinese
95,Sci-Fi,Spanish
42,Sci-Fi,Spanish
17,Sci-Fi,English
97,Drama,Chinese
46,Comedy,French
57,Action,Chinese
54,Drama,German
91,Documentary,German
73,Sci-Fi,Chinese
57,Documentary,Spanish
14,Action,Spanish
43,Sci-Fi,Chinese
11,Action,Chinese
71,Thriller,German
2,Action,German
99,Sci-Fi,Spanish
26,Action,Spanish
1,Documentary,French
81,Action,Spanish
29,Thriller,Chinese
57,Drama,English
40,Drama,Chinese
22,Documentary,English
88,Documentary,Chinese
49,Comedy,German
79,Documentary,German
52,Action,Spanish
16,Thriller,Spanish
38,Action,French
24,Drama,English
58,Thriller,Chinese
57,Comedy,French
98,Action,English
51,Thriller,English
28,Documentary,French
58,Action,French
85,Drama,Spanish
45,Action,Chinese
27,Comedy,German
90,Documentary,English
60,Action,German
37,Documentary,Chinese
27,Action,Chinese
49,Sci-Fi,Spanish
4,Documentary,French
34,Drama,French
57,Action,English
68,Action,French
87,Comedy,English
45,Thriller,Chinese
31,Sci-Fi,Chinese
85,Thriller,Chinese
35,Thriller,English
76,Sci-Fi,German
94,Documentary,French
99,Documentary,French
15,Documentary,English
1,Sci-Fi,German
71,Documentary,French
36,Documentary,French
66,Comedy,Spanish
65,Sci-Fi,German
32,Action,German
8,Drama,Spanish
78,Comedy,English
30,Sci-Fi,Chinese
54,Drama,English
48,Action,Chinese
78,Comedy,Chinese
87,Sci-Fi,English
9,Thriller,Chinese
37,Thriller,Chinese
9,Comedy,German
67,Comedy,Chinese
26,Action,English
59,Thriller,Chinese
48,Documentary,English
54,Thriller,Spanish
36,Action,German
5,Thriller,Chinese
33,Documentary,English
36,Drama,Chinese
71,Documentary,Chinese
46,Thriller,German
79,Comedy,French
66,Documentary,French
75,Comedy,French
9,Action,German
44,Documentary,Spanish
10,Thriller,French
7,Comedy,German
44,Documentary,Chinese
85,Comedy,French
55,Comedy,German
18,Thriller,German
20,Action,German
19,Action,English
34,Drama,German
60,Comedy,English
93,Comedy,German
99,Thriller,French
90,Thriller,German
1,Comedy,Spanish
83,Sci-Fi,Spanish
18,Thriller,English
24,Drama,Spanish
81,Sci-Fi,German
20,Action,Chinese
89,Thriller,Chinese
87,Documentary,French
17,Sci-Fi,Chinese
65,Thriller,German
13,Action,Chinese
31,Documentary,Chinese
15,Documentary,German
72,Action,Chinese
58,Action,German
84,Sci-Fi,German
85,Drama,German
43,Drama,German
67,Action,Chinese
73,Sci-Fi,French
67,Drama,French
39,Documentary,French
53,Drama,French
15,Comedy,German
90,Sci-Fi,Spanish
65,Comedy,English
46,Sci-Fi,French
22,Drama,English
67,Documentary,Spanish
56,Drama,Spanish
40,Comedy,Chinese
18,Action,German
99,Comedy,English
85,Thriller,English
20,Drama,Spanish
32,Sci-Fi,Spanish
33,Comedy,English
27,Drama,Spanish
89,Drama,German
47,Documentary,French
64,Thriller,English
20,Thriller,German
24,Documentary,Spanish
93,Comedy,French
23,Drama,English
16,Sci-Fi,Chinese
3,Drama,French
14,Comedy,English
72,Comedy,German
75,Documentary,English
25,Drama,German
43,Action,French
89,Drama,French
96,Drama,German
89,Thriller,English
54,Action,Spanish
31,Sci-Fi,French
58,Sci-Fi,German
27,Thriller,Chinese
65,Drama,French
32,Thriller,Chinese
98,Action,Spanish
83,Drama,English
23,Drama,German
10,Documentary,English
12,Drama,French
18,Documentary,Spanish
3,Action,French
17,Sci-Fi,French
76,Action,English
64,Documentary,English
41,Documentary,German
89,Sci-Fi,French
21,Drama,German
62,Action,French
56,Sci-Fi,French
65,Action,German
34,Comedy,German
49,Comedy,Chinese
94,Documentary,Spanish
20,Sci-Fi,English
6,Documentary,Spanish
53,Thriller,English
95,Drama,Chinese
95,Documentary,English
97,Documentary,Chinese
11,Sci-Fi,Chinese
49,Action,French
74,Documentary,Spanish
78,Action,Chinese
4,Documentary,German
80,Action,Chinese
83,Action,Spanish
63,Drama,German
80,Documentary,Chinese
49,Sci-Fi,English
56,Documentary,French
69,Drama,German
12,Drama,Chinese
68,Thriller,German
34,Comedy,Chinese
62,Thriller,Spanish
90,Comedy,English
18,Comedy,French
23,Documentary,Spanish
91,Action,Chinese
63,Comedy,English
71,Action,German
20,Action,English
92,Sci-Fi,English
32,Documentary,Spanish
79,Action,French
9,Thriller,German
54,Documentary,French
74,Comedy,German
47,Comedy,Chinese
5,Sci-Fi,English
37,Action,French
33,Comedy,Spanish
67,Documentary,French
44,Thriller,French
39,Sci-Fi,Spanish
92,Sci-Fi,Spanish
59,Thriller,English
83,Comedy,Chinese
92,Drama,English
51,Action,Spanish
69,Sci-Fi,Spanish
76,Drama,French
80,Action,English
5,Comedy,Spanish
36,Action,French
5,Comedy,French
95,Action,French
66,Sci-Fi,French
41,Documentary,English
39,Thriller,Spanish
15,Drama,Chinese
29,Documentary,French
55,Action,German
40,Documentary,Chinese
37,Documentary,French
40,Drama,English
41,Action,German
31,Sci-Fi,German
44,Thriller,Chinese
57,Drama,Spanish
76,Sci-Fi,English
8,Thriller,French
71,Thriller,English
29,Comedy,Chinese
80,Drama,French
58,Sci-Fi,Spanish
31,Drama,Spanish
42,Action,French
79,Sci-Fi,French
38,Documentary,German
74,Thriller,Spanish
75,Thriller,Chinese
67,Documentary,English
2,Drama,Chinese
76,Documentary,English
78,Thriller,Spanish
33,Drama,Spanish
49,Thriller,Chinese
92,Comedy,English
38,Sci-Fi,English
38,Drama,Chinese
18,Documentary,French
76,Comedy,English
96,Drama,Spanish
50,Documentary,French
85,Drama,English
52,Sci-Fi,Chinese
61,Sci-Fi,Spanish
67,Sci-Fi,Chinese
36,Documentary,Chinese
38,Comedy,Chinese
54,Drama,Spanish
50,Drama,Spanish
79,Sci-Fi,English
4,Action,French
38,Action,Chinese
37,Thriller,English
78,Drama,Spanish
7,Documentary,Chinese
98,Thriller,English
35,Drama,German
32,Drama,Chinese
4,Comedy,Spanish
11,Drama,English
96,Thriller,Spanish
71,Comedy,Chinese
38,Drama,German
35,Comedy,Chinese
22,Documentary,German
56,Action,German
90,Comedy,German
44,Sci-Fi,German
91,Action,French
52,Comedy,French
71,Sci-Fi,French
30,Documentary,English
21,Thriller,English
47,Thriller,French
41,Action,Spanish
60,Documentary,English
27,Sci-Fi,Chinese
20,Drama,French
77,Drama,Spanish
7,Drama,French
52,Action,German
72,Documentary,English
17,Action,German
77,Comedy,French
31,Thriller,French
1,Comedy,Chinese
95,Comedy,Spanish
40,Thriller,Chinese
7,Documentary,Spanish
24,Sci-Fi,French
11,Comedy,German
23,Thriller,Spanish
4,Action,Spanish
87,Documentary,Chinese
15,Thriller,Chinese
30,Thriller,German
87,Drama,French
46,Action,German
60,Action,English
62,Drama,Chinese
49,Documentary,German
3,Thriller,German
74,Documentary,French
83,Thriller,French
13,Documentary,French
3,Sci-Fi,English
11,Action,French
85,Comedy,German
76,Action,German
46,Comedy,Chinese
42,Thriller,Chinese
44,Documentary,German
51,Thriller,Spanish
10,Documentary,Spanish
89,Action,German
22,Action,Chinese
68,Comedy,Spanish
15,Action,German
55,Action,Chinese
39,Sci-Fi,Chinese
95,Drama,German
91,Thriller,Chinese
69,Sci-Fi,French
84,Comedy,French
97,Thriller,Chinese
44,Comedy,Spanish
6,Action,Chinese
5,Action,Chinese
43,Sci-Fi,Spanish
3,Sci-Fi,German
46,Thriller,Spanish
34,Documentary,French
68,Thriller,English
88,Sci-Fi,Spanish
30,Sci-Fi,Spanish
50,Comedy,English
69,Sci-Fi,Chinese
63,Action,Chinese
1,Comedy,French
89,Action,English
11,Comedy,Chinese
49,Comedy,French
65,Comedy,Spanish
7,Comedy,English
45,Comedy,German
93,Documentary,English
69,Action,Spanish
9,Comedy,English
27,Sci-Fi,Spanish
10,Action,English
9,Drama,Chinese
45,Action,Spanish
67,Action,English
7,Sci-Fi,Chinese
100,Documentary,French
42,Thriller,French
45,Sci-Fi,Spanish
100,Sci-Fi,French
54,Sci-Fi,Spanish
72,Thriller,French
21,Comedy,English
33,Drama,French
59,Sci-Fi,French
77,Comedy,German
78,Drama,German
19,Drama,German
26,Action,French
72,Sci-Fi,Chinese
70,Action,Spanish
67,Thriller,French
23,Drama,Spanish
32,Drama,English
83,Comedy,Spanish
4,Action,Chinese
61,Drama,English
32,Action,French
7,Documentary,German
83,Documentary,German
3,Drama,Chinese
91,Thriller,French
5,Sci-Fi,French
70,Thriller,French
93,Thriller,French
53,Documentary,French
40,Thriller,French
48,Thriller,English
30,Comedy,Spanish
36,Sci-Fi,Chinese
52,Sci-Fi,Spanish
11,Action,German
82,Documentary,Spanish
29,Drama,Chinese
76,Drama,German
49,Drama,Chinese
4,Action,German
46,Action,French
46,Drama,English
12,Sci-Fi,German
39,Documentary,German
31,Comedy,Spanish
56,Sci-Fi,Chinese
94,Comedy,German
16,Drama,German
53,Documentary,Spanish
64,Sci-Fi,Spanish
23,Thriller,German
59,Comedy,French
47,Thriller,Chinese
28,Comedy,Spanish
36,Documentary,Spanish
69,Comedy,Chinese
60,Documentary,German
51,Documentary,French
37,Thriller,Spanish
87,Drama,Spanish
21,Action,Chinese
4,Comedy,French
38,Action,Spanish
87,Action,Spanish
51,Sci-Fi,German
7,Thriller,Spanish
92,Action,Spanish
84,Drama,Chinese
84,Sci-Fi,Spanish
31,Comedy,Chinese
88,Drama,Spanish
38,Thriller,Spanish
45,Drama,German
3,Action,Chinese
49,Documentary,English
4,Comedy,Chinese
29,Action,English
21,Thriller,Spanish
43,Action,German
47,Sci-Fi,French
3,Documentary,Spanish
11,Documentary,Spanish
20,Documentary,Spanish
79,Action,Chinese
30,Drama,German
66,Thriller,English
84,Action,Chinese
24,Action,Chinese
74,Drama,German
41,Thriller,Spanish
9,Drama,Spanish
18,Action,Spanish
80,Comedy,Chinese
27,Drama,English
97,Action,English
75,Sci-Fi,Chinese
61,Drama,German
46,Comedy,Spanish
84,Documentary,English
33,Sci-Fi,English
91,Drama,German
21,Action,English
60,Comedy,French
89,Action,Spanish
55,Thriller,German
97,Drama,English
99,Documentary,Chinese
42,Comedy,Spanish
13,Comedy,German
77,Comedy,Chinese
14,Drama,German
57,Thriller,German
25,Drama,English
56,Documentary,English
26,Comedy,French
71,Sci-Fi,Spanish
39,Action,German
11,Sci-Fi,German
18,Action,Chinese
99,Action,Spanish
68,Sci-Fi,Chinese
55,Sci-Fi,Chinese
61,Drama,Chinese
20,Comedy,French
19,Comedy,French
93,Thriller,Spanish
64,Thriller,French
44,Action,French
82,Comedy,English
79,Drama,Spanish
39,Documentary,Chinese
11,Sci-Fi,French
48,Sci-Fi,English
80,Sci-Fi,Spanish
44,Drama,English
31,Documentary,Spanish
55,Drama,German
15,Drama,Spanish
15,Comedy,English
94,Drama,English
86,Sci-Fi,Chinese
43,Sci-Fi,English
49,Thriller,Spanish
79,Documentary,French
52,Documentary,French
81,Comedy,French
41,Comedy,Chinese
74,Action,English
91,Action,German
40,Sci-Fi,Chinese
92,Comedy,French
89,Documentary,English
86,Sci-Fi,German
17,Thriller,French
65,Thriller,Spanish
15,Action,Chinese
74,Documentary,Chinese
87,Documentary,Spanish
17,Comedy,English
4,Drama,German
65,Drama,Chinese
30,Drama,Chinese
7,Thriller,Chinese
29,Drama,Spanish
47,Action,French
13,Documentary,English
30,Sci-Fi,German
8,Drama,French
98,Documentary,Spanish
100,Thriller,Spanish
2,Documentary,Chinese
4,Documentary,Spanish
75,Documentary,Spanish
64,Documentary,Chinese
68,Action,Spanish
11,Thriller,French
70,Action,German
15,Documentary,French
35,Action,Spanish
52,Thriller,Spanish
95,Thriller,Chinese
2,Documentary,German
36,Sci-Fi,Spanish
12,Comedy,German
18,Documentary,German
59,Comedy,English
54,Sci-Fi,French
75,Drama,Chinese
98,Thriller,Spanish
56,Thriller,English
55,Comedy,Chinese
14,Action,French
39,Documentary,Spanish
96,Comedy,French
57,Thriller,French
18,Documentary,Chinese
19,Documentary,Spanish
84,Comedy,English
86,Action,French
45,Thriller,French
55,Sci-Fi,German
25,Drama,Chinese
23,Thriller,English
26,Thriller,French
59,Drama,German
47,Action,Chinese
52,Action,English
91,Thriller,German
4,Drama,Spanish
75,Sci-Fi,English
65,Documentary,Chinese
58,Comedy,Spanish
69,Comedy,English
58,Drama,English
38,Documentary,English
2,Action,Chinese
65,Action,English
42,Sci-Fi,English
27,Drama,German
100,Action,Spanish
83,Documentary,Chinese
40,Sci-Fi,French
24,Comedy,English
22,Sci-Fi,French
50,Drama,Chinese
98,Sci-Fi,Spanish
6,Sci-Fi,French
43,Documentary,Spanish
73,Documentary,French
73,Comedy,German
51,Thriller,Chinese
55,Documentary,English
34,Drama,Spanish
5,Thriller,Spanish
93,Drama,Spanish
47,Sci-Fi,Chinese
33,Action,Spanish
82,Drama,French
26,Sci-Fi,Spanish
14,Action,English
58,Thriller,French
21,Sci-Fi,French
22,Documentary,Spanish
83,Action,French
24,Thriller,English
78,Thriller,French
92,Comedy,Spanish
62,Comedy,Spanish
91,Sci-Fi,German
3,Documentary,English
82,Drama,Spanish
48,Documentary,Chinese
72,Documentary,Chinese
17,Sci-Fi,German
53,Comedy,Spanish
64,Action,Chinese
76,Sci-Fi,Spanish
99,Thriller,Chinese
92,Sci-Fi,Chinese
59,Sci-Fi,Chinese
68,Sci-Fi,English
84,Thriller,Chinese
86,Documentary,French
13,Drama,English
76,Sci-Fi,French
20,Sci-Fi,French
91,Documentary,Chinese
20,Drama,German
54,Sci-Fi,English
98,Action,Chinese
9,Drama,German
97,Documentary,Spanish
32,Action,Chinese
10,Documentary,Chinese
64,Action,English
58,Sci-Fi,English
30,Action,French
9,Action,Chinese
3,Comedy,English
34,Thriller,Chinese
69,Sci-Fi,German
56,Documentary,Chinese
68,Comedy,German
75,Drama,Spanish
24,Documentary,English
33,Sci-Fi,German
100,Thriller,Chinese
17,Action,Chinese
45,Thriller,Spanish
29,Action,German
21,Drama,French
45,Documentary,English
62,Sci-Fi,Chinese
76,Sci-Fi,Chinese
42,Drama,German
37,Documentary,English
11,Documentary,German
93,Action,French
54,Drama,French
11,Thriller,Spanish
30,Action,German
32,Comedy,Chinese
9,Documentary,Chinese
72,Sci-Fi,English
47,Thriller,German
90,Action,French
21,Comedy,German
96,Drama,English
48,Documentary,French
74,Comedy,English
60,Thriller,English
18,Drama,French
63,Sci-Fi,English
14,Action,Chinese
49,Documentary,French
37,Sci-Fi,French
63,Comedy,Spanish
98,Thriller,Chinese
83,Sci-Fi,French
93,Drama,English
81,Sci-Fi,French
6,Drama,German
91,Drama,English
98,Drama,English
68,Documentary,English
69,Action,German
30,Action,Chinese
70,Action,Chinese
51,Sci-Fi,English
85,Documentary,French
81,Thriller,English
21,Thriller,Chinese
42,Sci-Fi,Chinese
44,Drama,Spanish
1,Thriller,Spanish
63,Comedy,German
49,Action,German
82,Action,German
98,Documentary,German
30,Documentary,German
58,Documentary,Chinese
54,Thriller,German
45,Documentary,Spanish
42,Documentary,Spanish
57,Action,Spanish
18,Thriller,Chinese
16,Comedy,English
44,Action,Chinese
36,Sci-Fi,English
41,Action,English
19,Comedy,Chinese
63,Drama,French
92,Thriller,Chinese
75,Thriller,Spanish
11,Documentary,French
19,Sci-Fi,English
23,Documentary,French
59,Documentary,Chinese
37,Drama,French
39,Sci-Fi,English
71,Comedy,English
54,Comedy,English
22,Sci-Fi,German
10,Comedy,English
65,Documentary,English
61,Comedy,German
95,Comedy,English
97,Documentary,French
88,Action,French
45,Thriller,English
81,Drama,English
11,Thriller,Chinese
41,Comedy,German
57,Thriller,Chinese
74,Comedy,Chinese
22,Drama,Chinese
60,Thriller,Chinese
6,Sci-Fi,German
46,Drama,Spanish
52,Drama,German
23,Action,German
42,Thriller,Spanish
81,Comedy,Spanish
38,Documentary,Chinese
29,Thriller,French
5,Drama,French
11,Drama,Chinese
54,Comedy,French
77,Drama,English
6,Thriller,Spanish
32,Documentary,Chinese
99,Sci-Fi,French
69,Thriller,German
56,Comedy,Spanish
92,Thriller,French
55,Documentary,German
45,Sci-Fi,English
5,Sci-Fi,Spanish
60,Drama,French
66,Thriller,Chinese
72,Documentary,French
79,Comedy,German
72,Action,German
66,Action,English
23,Action,Chinese
20,Documentary,Chinese
56,Thriller,Chinese
3,Sci-Fi,Chinese
68,Thriller,Chinese
1,Drama,Chinese
2,Comedy,German
47,Documentary,Chinese
21,Action,German
59,Comedy,German
70,Thriller,Chinese
1,Action,German
7,Comedy,Chinese
56,Thriller,French
8,Drama,German
55,Documentary,French
81,Thriller,French
3,Comedy,German
68,Action,English
21,Documentary,French
19,Documentary,Chinese
17,Drama,English
5,Thriller,French
65,Sci-Fi,Spanish
83,Documentary,French
4,Sci-Fi,Spanish
46,Sci-Fi,Spanish
9,Action,Spanish
16,Drama,Spanish
5,Drama,Spanish
48,Drama,French
43,Documentary,French
19,Comedy,German
59,Drama,Chinese
92,Comedy,German
81,Thriller,German
44,Sci-Fi,English
29,Comedy,German
68,Thriller,French
15,Thriller,Spanish
54,Thriller,French
37,Drama,English
99,Thriller,Spanish
35,Sci-Fi,Chinese
34,Action,Chinese
96,Comedy,Chinese
58,Comedy,English
9,Drama,English
9,Comedy,Chinese
7,Thriller,German
21,Comedy,French
29,Sci-Fi,English
11,Thriller,German
47,Action,English
2,Thriller,English
8,Documentary,Spanish
33,Thriller,Spanish
65,Documentary,Spanish
14,Comedy,Spanish
72,Drama,Spanish
87,Sci-Fi,Spanish
86,Documentary,English
77,Documentary,English
25,Action,Chinese
94,Thriller,Spanish
45,Comedy,French
45,Drama,French
16,Documentary,Spanish
78,Documentary,English
81,Documentary,Chinese
76,Thriller,German
7,Action,French
95,Action,German
23,Sci-Fi,Spanish
23,Drama,Chinese
6,Documentary,English
33,Thriller,Chinese
81,Documentary,French
98,Sci-Fi,German
57,Thriller,English
27,Comedy,English
4,Drama,French
77,Action,English
78,Action,German
12,Thriller,German
2,Documentary,English
73,Documentary,Spanish
90,Action,German
97,Action,Spanish
16,Action,English
9,Drama,French
27,Thriller,German
26,Comedy,Spanish
86,Sci-Fi,Spanish
86,Action,German
67,Action,German
18,Drama,English
89,Thriller,French
63,Comedy,Chinese
53,Action,Spanish
83,Comedy,German
78,Comedy,Spanish
99,Drama,English
4,Thriller,Chinese
10,Drama,German
5,Thriller,German
95,Documentary,French
49,Thriller,French
28,Drama,English
18,Action,French
2,Comedy,Spanish
87,Thriller,English
100,Sci-Fi,Spanish
8,Thriller,English
22,Comedy,Chinese
96,Sci-Fi,French
51,Comedy,Chinese
37,Action,Spanish
87,Comedy,German
40,Documentary,German
71,Drama,French
95,Sci-Fi,German
75,Drama,English
9,Documentary,English
98,Documentary,French
90,Sci-Fi,German
17,Drama,French
49,Action,Chinese
86,Drama,English
92,Documentary,German
82,Sci-Fi,English
14,Comedy,French
87,Action,French
51,Thriller,French
8,Sci-Fi,Spanish
66,Action,Chinese
84,Action,German
81,Comedy,German
72,Thriller,German
87,Thriller,Chinese
38,Sci-Fi,Chinese
16,Action,French
72,Sci-Fi,Spanish
30,Comedy,French
66,Comedy,Chinese
34,Thriller,Spanish
16,Thriller,German
19,Thriller,Spanish
23,Sci-Fi,English
10,Sci-Fi,English
38,Drama,French
86,Drama,German
1,Drama,Spanish
32,Comedy,English
94,Action,Spanish
49,Sci-Fi,French
47,Documentary,English
78,Drama,Chinese
81,Action,German
48,Thriller,Spanish
96,Action,Chinese
69,Comedy,French
4,Thriller,German
11,Drama,French
86,Action,Spanish
3,Documentary,German
94,Comedy,French
84,Documentary,Spanish
10,Thriller,Chinese
28,Comedy,Chinese
97,Action,German
90,Thriller,English
36,Action,Chinese
59,Documentary,German
22,Thriller,Chinese
29,Documentary,Chinese
77,Sci-Fi,German
48,Comedy,English
81,Sci-Fi,Chinese
3,Drama,German
54,Comedy,Spanish
70,Sci-Fi,English
35,Documentary,Spanish
26,Sci-Fi,Chinese
61,Drama,French
19,Drama,Chinese
63,Documentary,German
57,Action,German
13,Thriller,Spanish
35,Comedy,English
33,Thriller,German
34,Comedy,English
33,Comedy,German
36,Thriller,French
83,Drama,German
58,Comedy,French
80,Comedy,German
17,Sci-Fi,Spanish
66,Action,Spanish
51,Thriller,German
53,Drama,Chinese
10,Sci-Fi,French
10,Sci-Fi,German
89,Comedy,English
14,Comedy,Chinese
50,Documentary,Chinese
66,Documentary,German
70,Comedy,Spanish
39,Action,Spanish
52,Sci-Fi,German
1,Action,English
80,Comedy,English
8,Thriller,Chinese
13,Thriller,French
80,Sci-Fi,German
46,Documentary,German
30,Drama,Spanish
4,Drama,Chinese
64,Action,German
87,Documentary,English
88,Documentary,Spanish
52,Action,French
72,Thriller,English
10,Comedy,Spanish
35,Action,German
53,Action,Chinese
29,Documentary,German
48,Action,French
35,Documentary,French
94,Thriller,German
86,Comedy,French
55,Comedy,Spanish
52,Drama,English
68,Sci-Fi,French
19,Documentary,French
92,Action,French
52,Drama,French
80,Thriller,French
26,Documentary,German
19,Drama,French
59,Comedy,Chinese
28,Action,English
44,Sci-Fi,French
33,Comedy,Chinese
33,Sci-Fi,French
10,Documentary,French
71,Sci-Fi,Chinese
4,Drama,English
22,Comedy,German
45,Comedy,Chinese
8,Documentary,Chinese
2,Sci-Fi,French
19,Sci-Fi,Chinese
83,Thriller,German
51,Action,English
33,Sci-Fi,Spanish
62,Thriller,English
55,Thriller,English
38,Comedy,Spanish
21,Sci-Fi,Spanish
70,Documentary,English
92,Comedy,Chinese
90,Documentary,Spanish
35,Action,English
39,Thriller,French
77,Thriller,German
62,Thriller,German
73,Action,Spanish
75,Thriller,French
94,Sci-Fi,French
40,Thriller,English
53,Action,English
56,Documentary,Spanish
19,Sci-Fi,Spanish
38,Action,English
24,Comedy,German
1,Sci-Fi,Chinese
84,Drama,French
15,Action,French
22,Thriller,English
70,Drama,German
33,Drama,English
51,Comedy,German
1,Drama,French
64,Drama,Chinese
46,Thriller,English
91,Documentary,Spanish
59,Sci-Fi,Spanish
63,Thriller,English
30,Thriller,French
73,Action,Chinese
67,Drama,German
52,Documentary,Chinese
26,Sci-Fi,German
37,Action,German
96,Sci-Fi,Spanish
25,Thriller,German
10,Drama,Chinese
88,Action,Chinese
96,Documentary,Spanish
10,Action,Spanish
87,Thriller,French
55,Documentary,Spanish
64,Sci-Fi,Chinese
50,Documentary,English
71,Drama,English
12,Documentary,French
1,Sci-Fi,Spanish
83,Thriller,Spanish
84,Drama,English
77,Drama,French
99,Action,English
12,Action,French
6,Drama,Spanish
73,Sci-Fi,Spanish
70,Drama,English
94,Sci-Fi,German
50,Action,French
12,Drama,German
53,Comedy,English
17,Drama,Chinese
54,Action,German
14,Action,German
42,Documentary,French
18,Comedy,English
27,Thriller,English
18,Drama,German
95,Sci-Fi,Chinese
74,Documentary,German
65,Thriller,English
8,Comedy,Spanish
22,Drama,French
4,Comedy,German
58,Drama,French
61,Action,German
3,Sci-Fi,Spanish
26,Action,German
3,Thriller,Chinese
11,Drama,Spanish
77,Thriller,English
36,Documentary,German
71,Action,English
39,Comedy,English
73,Drama,English
97,Comedy,French
22,Sci-Fi,Chinese
1,Documentary,Chinese
20,Thriller,English
38,Sci-Fi,Spanish
33,Action,German
7,Drama,Spanish
85,Drama,Chinese
29,Action,Chinese
35,Comedy,French
11,Documentary,Chinese
89,Action,French
76,Documentary,German
97,Sci-Fi,English
72,Documentary,Spanish
76,Thriller,English
84,Thriller,English
33,Action,Chinese
91,Action,Spanish
17,Thriller,Chinese
86,Comedy,Chinese
82,Action,French
88,Thriller,Chinese
38,Documentary,French
80,Thriller,German
19,Action,Spanish
45,Action,English
25,Sci-Fi,English
75,Action,French
42,Drama,Chinese
99,Drama,German
20,Thriller,Spanish
24,Action,English
71,Documentary,English
38,Comedy,English
28,Thriller,Spanish
76,Documentary,Spanish
100,Action,Chinese
26,Sci-Fi,English
76,Comedy,Chinese
58,Thriller,German
51,Action,Chinese
91,Comedy,English
78,Documentary,Chinese
83,Comedy,English
64,Action,Spanish
33,Drama,German
24,Comedy,Spanish
68,Drama,Chinese
52,Comedy,English
28,Action,German
59,Documentary,Spanish
63,Action,English
16,Drama,English
46,Sci-Fi,Chinese
91,Drama,French
33,Action,French
34,Sci-Fi,German
16,Drama,Chinese
32,Action,English
92,Drama,Chinese
73,Documentary,German
86,Thriller,French
94,Drama,Chinese
5,Comedy,English
20,Sci-Fi,Chinese
17,Thriller,Spanish
43,Thriller,Spanish
24,Comedy,Chinese
4,Thriller,English
13,Drama,German
53,Sci-Fi,English
40,Action,Chinese
56,Sci-Fi,German
27,Documentary,French
41,Action,Chinese
30,Comedy,German
56,Sci-Fi,Spanish
9,Documentary,Spanish
14,Thriller,English
64,Documentary,German
30,Drama,English
28,Sci-Fi,Chinese
81,Drama,Chinese
86,Comedy,Spanish
75,Thriller,English
84,Thriller,German
97,Thriller,German
23,Thriller,French
99,Comedy,Spanish
10,Action,French
50,Thriller,German
2,Thriller,French
69,Thriller,French
8,Sci-Fi,German
46,Action,Spanish
68,Drama,German
56,Comedy,German
31,Documentary,French
50,Action,Chinese
62,Action,Spanish
13,Documentary,German
32,Comedy,Spanish
97,Comedy,Spanish
51,Sci-Fi,Chinese
40,Comedy,Spanish
22,Comedy,Spanish
19,Action,Chinese
27,Action,French
74,Action,French
86,Documentary,German
45,Drama,Spanish
13,Sci-Fi,German
69,Comedy,Spanish
82,Documentary,English
2,Comedy,French
82,Drama,German
68,Comedy,Chinese
91,Documentary,English
54,Documentary,Chinese
61,Drama,Spanish
78,Sci-Fi,French
35,Thriller,Spanish
41,Documentary,Chinese
92,Thriller,Spanish
29,Sci-Fi,French
48,Drama,Chinese
17,Documentary,French
25,Comedy,French
59,Sci-Fi,English
60,Action,Chinese
70,Drama,French
41,Sci-Fi,Chinese
43,Action,English
45,Drama,English
95,Comedy,French
88,Comedy,Spanish
90,Drama,French
55,Thriller,Chinese
21,Drama,English
69,Documentary,German
18,Thriller,French
98,Drama,Chinese
79,Thriller,German
32,Comedy,German
30,Sci-Fi,French
37,Thriller,French
28,Action,Chinese
93,Action,Chinese
72,Sci-Fi,French
84,Sci-Fi,Chinese
42,Comedy,French
15,Sci-Fi,English
17,Drama,Spanish
22,Thriller,Spanish
8,Sci-Fi,English
63,Action,Spanish
84,Action,Spanish
55,Comedy,French
46,Documentary,Spanish
10,Thriller,English
50,Drama,German
32,Sci-Fi,Chinese
60,Action,Spanish
94,Thriller,French
28,Sci-Fi,English
64,Drama,Spanish
94,Documentary,Chinese
61,Thriller,German
41,Documentary,Spanish
67,Action,Spanish
75,Sci-Fi,German
79,Action,English
80,Thriller,Spanish
5,Sci-Fi,Chinese
94,Comedy,Chinese
42,Sci-Fi,German
57,Comedy,Chinese
93,Documentary,Spanish
63,Drama,Chinese
48,Drama,Spanish
43,Thriller,Chinese
68,Comedy,English
100,Documentary,Spanish
19,Thriller,French
41,Documentary,French
40,Action,French
90,Thriller,French
39,Thriller,Chinese
74,Thriller,German
62,Comedy,Chinese
9,Sci-Fi,French
73,Drama,German
25,Documentary,Spanish
82,Drama,English
42,Documentary,German
6,Action,French
65,Drama,Spanish
52,Comedy,Chinese
19,Comedy,English
48,Documentary,Spanish
99,Drama,Chinese
77,Drama,Chinese
64,Thriller,Spanish
67,Comedy,French
71,Comedy,French
24,Sci-Fi,English
80,Action,French
2,Thriller,German
46,Action,Chinese
83,Sci-Fi,Chinese
16,Thriller,Chinese
72,Comedy,English
44,Action,Spanish
52,Thriller,Chinese
65,Action,Chinese
66,Drama,German
86,Drama,French
52,Comedy,Spanish
4,Action,English
42,Action,Spanish
14,Documentary,Chinese
14,Sci-Fi,Spanish
77,Thriller,French
44,Drama,Chinese
21,Thriller,German
12,Comedy,Spanish
11,Comedy,English
25,Drama,Spanish
21,Sci-Fi,English
51,Documentary,German
7,Drama,English
95,Drama,French
32,Sci-Fi,German
24,Sci-Fi,Spanish
63,Thriller,German
66,Action,French
73,Drama,Spanish
47,Comedy,English
34,Thriller,German
78,Sci-Fi,English
26,Action,Chinese
85,Thriller,French
87,Comedy,Spanish
58,Drama,Chinese
41,Action,French
70,Documentary,Chinese
20,Documentary,German
7,Drama,German
67,Thriller,English
33,Documentary,French
63,Documentary,Spanish
45,Sci-Fi,French
64,Documentary,French
48,Thriller,French
76,Thriller,French
65,Documentary,German
77,Action,French
77,Documentary,German
96,Thriller,English
97,Comedy,German
32,Action,Spanish
85,Sci-Fi,English
82,Comedy,French
74,Thriller,English
74,Sci-Fi,Chinese
69,Action,Chinese
30,Documentary,French
42,Comedy,German
68,Comedy,French
47,Comedy,Spanish
1,Thriller,Chinese
51,Documentary,Chinese
51,Comedy,Spanish
42,Comedy,English
93,Action,English
50,Action,German
24,Sci-Fi,German
27,Documentary,Chinese
55,Comedy,English
68,Action,German
35,Sci-Fi,Spanish
59,Action,French
13,Comedy,English
70,Comedy,German
76,Thriller,Spanish
1,Sci-Fi,English
65,Sci-Fi,Chinese
85,Documentary,German
88,Drama,English
94,Thriller,English
58,Action,Chinese
39,Action,Chinese
87,Documentary,German
29,Sci-Fi,Spanish
96,Thriller,German
43,Thriller,English
62,Comedy,German
100,Action,English
48,Comedy,Spanish
75,Documentary,German
59,Documentary,French
16,Sci-Fi,Spanish
28,Drama,German
100,Drama,German
60,Thriller,Spanish
17,Documentary,German
46,Drama,Chinese
26,Documentary,Spanish
34,Sci-Fi,English
36,Thriller,German
41,Comedy,English
100,Action,French
87,Thriller,German
86,Thriller,Chinese
73,Thriller,French
80,Sci-Fi,English
54,Comedy,German
25,Sci-Fi,Spanish
25,Thriller,English
35,Documentary,German
7,Sci-Fi,Spanish
23,Sci-Fi,German
64,Comedy,French
3,Comedy,Chinese
74,Documentary,English
69,Drama,French
32,Thriller,English
47,Action,German
84,Documentary,Chinese
63,Thriller,Chinese
25,Sci-Fi,French
61,Documentary,Chinese
28,Drama,French
88,Drama,French
80,Documentary,English
38,Thriller,German
7,Action,English
92,Thriller,German
72,Drama,English
39,Drama,English
49,Comedy,Spanish
49,Sci-Fi,German
16,Sci-Fi,French
62,Sci-Fi,Spanish
99,Drama,Spanish
36,Drama,English
14,Drama,Chinese
37,Action,Chinese
65,Documentary,French
65,Drama,English
37,Documentary,Spanish
44,Drama,German
96,Action,German
99,Documentary,Spanish
69,Action,English
9,Sci-Fi,German
18,Drama,Chinese
57,Documentary,French
64,Thriller,Chinese
56,Action,Chinese
60,Sci-Fi,German
4,Thriller,Spanish
63,Documentary,French
90,Documentary,German
82,Thriller,Spanish
64,Drama,French
7,Documentary,English
35,Comedy,German
41,Sci-Fi,English
51,Sci-Fi,Spanish
11,Action,English
3,Drama,Spanish
60,Comedy,Chinese
1,Sci-Fi,French
27,Comedy,Chinese
97,Action,French
70,Thriller,German
66,Drama,Chinese
37,Comedy,French
56,Comedy,English
3,Action,English
99,Action,German
2,Sci-Fi,German
26,Thriller,Chinese
34,Drama,English
45,Drama,Chinese
3,Drama,English
33,Documentary,Chinese
89,Sci-Fi,Chinese
43,Comedy,English
1,Comedy,English
27,Documentary,Spanish
21,Comedy,Chinese
19,Thriller,Chinese
79,Documentary,English
82,Thriller,German
88,Thriller,German
53,Thriller,German
93,Drama,French
52,Drama,Chinese
62,Drama,German
66,Comedy,English
51,Comedy,French
83,Thriller,English
17,Comedy,German
8,Documentary,English
17,Thriller,German
50,Thriller,French
15,Drama,French
23,Documentary,Chinese
6,Comedy,German
70,Sci-Fi,Chinese
100,Sci-Fi,Chinese
7,Thriller,English
17,Thriller,English
36,Sci-Fi,German
54,Documentary,German
79,Thriller,Chinese
30,Documentary,Chinese
26,Comedy,German
21,Documentary,Chinese
40,Documentary,French
69,Documentary,English
67,Comedy,English
6,Documentary,German
28,Sci-Fi,French
11,Documentary,English
95,Thriller,French
2,Sci-Fi,Spanish
92,Action,English
80,Sci-Fi,Chinese
10,Sci-Fi,Spanish
94,Drama,French
65,Thriller,Chinese
16,Thriller,French
53,Thriller,Chinese
34,Action,Spanish
6,Drama,French
92,Action,German
43,Action,Spanish
56,Thriller,Spanish
97,Documentary,German
26,Comedy,English
97,Drama,French
11,Comedy,Spanish
55,Sci-Fi,English
10,Thriller,Spanish
100,Drama,Chinese
87,Thriller,Spanish
27,Sci-Fi,German
16,Comedy,German
9,Action,French
16,Documentary,Chinese
30,Action,English
87,Drama,Chinese
60,Documentary,French
12,Action,English
78,Sci-Fi,Spanish
6,Thriller,Chinese
25,Thriller,Spanish
25,Thriller,French
99,Comedy,German
99,Action,Chinese
35,Sci-Fi,English
99,Comedy,Chinese
28,Documentary,Chinese
50,Sci-Fi,French
